{
  "frames": {
    "heroAtlas.png": {
      "frame": {
        "x": 0,
        "y": 0,
        "w": 1376,
        "h": 32
      },
      "rotated": false,
      "trimmed": false,
      "spriteSourceSize": {
        "x": 0,
        "y": 0,
        "w": 1376,
        "h": 32
      },
      "sourceSize": {
        "w": 1376,
        "h": 32
      },
      "pivot": {
        "x": 0.5,
        "y": 0.5
      }
    },
    "heroAttackAtlas.png": {
      "frame": {
        "x": 1376,
        "y": 0,
        "w": 192,
        "h": 32
      },
      "rotated": false,
      "trimmed": false,
      "spriteSourceSize": {
        "x": 0,
        "y": 0,
        "w": 192,
        "h": 32
      },
      "sourceSize": {
        "w": 192,
        "h": 32
      },
      "pivot": {
        "x": 0.5,
        "y": 0.5
      }
    }
  },
  "meta": {
    "app": "http://free-tex-packer.com",
    "version": "0.6.7",
    "image": "texture.png",
    "format": "RGBA8888",
    "size": {
      "w": 1568,
      "h": 32
    },
    "scale": 1
  }
}